run_id,candidate,fold,config_hash,training_rows,rmse_sec,serialized_rmse_sec,missing_rmse_sec,n,sse,runtime_sec,peak_rss_bytes
direct-F1-20260910T215011113423-87c291c8,direct,F1,87c291c8a850747f6e8f33156c6f51f67b188a539331e4c5a5b1fe1c9a5107c7,250000,583.7417195908046,583.7420595481276,3186.771952072368,190713,64986292970.02867,840.280999999999,1373962240
direct-F2-20260910T220419863865-87c291c8,direct,F2,87c291c8a850747f6e8f33156c6f51f67b188a539331e4c5a5b1fe1c9a5107c7,250000,276.68101753232696,276.6808035907572,1048.5077323529158,185674,14213787618.405785,286.29699999999866,1366949888
direct-F3-20260910T220912325526-87c291c8,direct,F3,87c291c8a850747f6e8f33156c6f51f67b188a539331e4c5a5b1fe1c9a5107c7,250000,341.2039843973976,341.20381019367056,2606.6395516323128,162332,18898717245.70044,318.9840000000004,1429065728
residual-F1-20260910T221438668221-df67b7e4,residual,F1,df67b7e4a9050c0d7567c136338037ba66e7ae6e9b2b1fbd8701880e052ac811,250000,579.4396093788233,579.4402774364175,3186.771952072368,190713,64031939510.27971,316.5149999999994,1338880000
residual-F2-20260910T222002193696-df67b7e4,residual,F2,df67b7e4a9050c0d7567c136338037ba66e7ae6e9b2b1fbd8701880e052ac811,250000,274.43845522705993,274.43977495085846,1048.5077323529158,185674,13984309453.75857,252.25,1382920192
residual-F3-20260910T222419588814-df67b7e4,residual,F3,df67b7e4a9050c0d7567c136338037ba66e7ae6e9b2b1fbd8701880e052ac811,250000,333.8563207299287,333.8555687613176,2606.6395516323128,162332,18093531682.63457,329.9529999999977,1460424704
direct_specialist-F1-20260910T222959571544-ac2b1e30,direct_specialist,F1,ac2b1e30519093bc70037dfc56ab3382bded399d88e44afa8c494a0cde6ceed4,250000,423.6657947141524,423.6653586904718,1531.5970657463447,190713,34231592365.1476,128.3279999999977,1288523776
direct_specialist-F2-20260910T223217162451-ac2b1e30,direct_specialist,F2,ac2b1e30519093bc70037dfc56ab3382bded399d88e44afa8c494a0cde6ceed4,250000,272.51754572881333,272.51707162377926,936.715454645352,185674,13789230512.840391,87.18700000000172,1373720576
direct_specialist-F3-20260910T223350573232-ac2b1e30,direct_specialist,F3,ac2b1e30519093bc70037dfc56ab3382bded399d88e44afa8c494a0cde6ceed4,250000,284.4592280941164,284.4601432162843,1595.1036567065023,162332,13135426957.972591,97.53099999999904,1419841536
residual_specialist-F1-20260910T223618853935-e5952f02,residual_specialist,F1,e5952f02e526b8b82b7509633105214020411120a12fd9b14a20364991d9661b,250000,417.7182918391634,417.7183012323365,1531.5970657463447,190713,33277238905.39872,51.20300000000134,1317769216
residual_specialist-F2-20260910T223715150513-e5952f02,residual_specialist,F2,e5952f02e526b8b82b7509633105214020411120a12fd9b14a20364991d9661b,250000,270.24043549170614,270.2415166584341,936.715454645352,185674,13559752348.193172,53.03100000000268,1373945856
residual_specialist-F3-20260910T223813126723-e5952f02,residual_specialist,F3,e5952f02e526b8b82b7509633105214020411120a12fd9b14a20364991d9661b,250000,275.602859873707,275.60310916405405,1595.1036567065023,162332,12330241394.90675,49.90599999999904,1445871616
residual_all_finite-F1-20260910T223910659083-4f86b444,residual_all_finite,F1,4f86b444d2e81aa98c0d55eb9ec92c2bbb490f953c781b07ef772ca76254503c,250000,547.0522108767669,547.0522800162627,3186.771952072368,190713,57073939815.35629,245.65700000000288,1424220160
residual_all_finite-F2-20260910T224321583915-4f86b444,residual_all_finite,F2,4f86b444d2e81aa98c0d55eb9ec92c2bbb490f953c781b07ef772ca76254503c,250000,272.62305183671305,272.62239193566575,1048.5077323529158,185674,13799909675.997902,250.81299999999828,1405865984
residual_all_finite-F3-20260910T224738347628-4f86b444,residual_all_finite,F3,4f86b444d2e81aa98c0d55eb9ec92c2bbb490f953c781b07ef772ca76254503c,250000,335.47455220058555,335.4730297247755,2606.6395516323128,162332,18269358712.37554,226.84400000000096,1441476608
residual_all_finite_specialist-F1-20260910T225131876296-5b950902,residual_all_finite_specialist,F1,5b9509022759f198327bd716a06ba830d3c0ac4b8395bd9272f9176aa4ec2700,250000,371.4894774352348,371.4885477909486,1531.5970657463447,190713,26319239210.47528,55.48500000000058,1303797760
residual_all_finite_specialist-F2-20260910T225232871835-5b950902,residual_all_finite_specialist,F2,5b9509022759f198327bd716a06ba830d3c0ac4b8395bd9272f9176aa4ec2700,250000,268.39663869000884,268.39570755788293,936.715454645352,185674,13375352570.432508,57.26599999999962,1381609472
residual_all_finite_specialist-F3-20260910T225334937813-5b950902,residual_all_finite_specialist,F3,5b9509022759f198327bd716a06ba830d3c0ac4b8395bd9272f9176aa4ec2700,250000,277.5609278220265,277.5602396970264,1595.1036567065023,162332,12506068424.647654,56.75,1435279360
direct-G1-20260910T225531680269-87c291c8,direct,G1,87c291c8a850747f6e8f33156c6f51f67b188a539331e4c5a5b1fe1c9a5107c7,250000,305.3584740231406,305.3594338206372,1479.107917800462,185674,17312948886.303413,182.09299999999712,1294700544
residual_specialist-G1-20260910T225840376544-e5952f02,residual_specialist,G1,e5952f02e526b8b82b7509633105214020411120a12fd9b14a20364991d9661b,250000,286.4129986930266,286.4135364069852,1153.408736827875,185674,15231284918.284262,292.6090000000004,1374654464
residual_all_finite_specialist-G1-20260911T033038952596-5b950902,residual_all_finite_specialist,G1,5b9509022759f198327bd716a06ba830d3c0ac4b8395bd9272f9176aa4ec2700,250000,286.5405539017188,286.5405042033927,1153.408736827875,185674,15244854570.212631,162.70300000000134,1423564800
residual_long_proxy_specialist-F1-20260911T033403603272-6c34f3be,residual_long_proxy_specialist,F1,6c34f3bedf259006f319d324a9537c0ed45fb58b59d8ebf0eccc41c2638ac3b8,250000,369.3702169819169,369.3700757244093,1531.5970657463447,190713,26019805563.39979,53.81300000000192,1305239552
residual_long_proxy_specialist-F2-20260911T033504103868-6c34f3be,residual_long_proxy_specialist,F2,6c34f3bedf259006f319d324a9537c0ed45fb58b59d8ebf0eccc41c2638ac3b8,250000,269.31320947477377,269.31438855509623,936.715454645352,185674,13466861841.190212,49.125,1382494208
residual_long_proxy_specialist-F3-20260911T033559842712-6c34f3be,residual_long_proxy_specialist,F3,6c34f3bedf259006f319d324a9537c0ed45fb58b59d8ebf0eccc41c2638ac3b8,250000,275.71215454574417,275.7124283647171,1595.1036567065023,162332,12340022838.408058,48.546000000002095,1440133120
residual_long_proxy_specialist-G1-20260911T033657725286-6c34f3be,residual_long_proxy_specialist,G1,6c34f3bedf259006f319d324a9537c0ed45fb58b59d8ebf0eccc41c2638ac3b8,250000,285.575395346859,285.57581681079085,1153.408736827875,185674,15142328617.622389,42.06199999999808,1272803328
direct_robust-F1-20260911T033823953412-271152c6,direct_robust,F1,271152c661fdec86d2031d39ce5c3217f8e2ec84dc5a1eb4323a865389681a20,250000,19609.444808038792,19609.371216551222,4000.225636100591,190713,73334932001318.22,56.95300000000134,1307201536
direct_robust-F3-20260911T033926727249-271152c6,direct_robust,F3,271152c661fdec86d2031d39ce5c3217f8e2ec84dc5a1eb4323a865389681a20,250000,4947.19230171501,4947.10774927731,3916.4243929606137,162332,3973028894838.507,59.75,1451556864
direct_quality-F1-20260911T034033213022-3b674828,direct_quality,F1,3b674828eee93a34a92d7caff76aab666fc2b8ffd423ff9b6d195dae1e6ddf42,250000,585.5481031547829,585.5475597852101,3194.468578908254,190713,65389114282.88133,271.85899999999674,2233192448
direct_quality-F3-20260911T035016061498-3b674828,direct_quality,F3,3b674828eee93a34a92d7caff76aab666fc2b8ffd423ff9b6d195dae1e6ddf42,250000,330.533655559434,330.5346106177886,2457.9915716579835,162332,17735176417.268063,138.95300000000134,2421514240
direct_robust-F1-20260911T035338559270-a00edc97,direct_robust,F1,a00edc979187f156a19dafa36ce51cf4312fd9d7c3f4bb336b4917a824dbc81c,250000,667.9080193003073,667.907527652798,3827.966303271272,190713,85077283326.83647,130.93800000000192,1363800064
direct_robust-F3-20260911T035555404306-a00edc97,direct_robust,F3,a00edc979187f156a19dafa36ce51cf4312fd9d7c3f4bb336b4917a824dbc81c,250000,424.9895400707251,424.9908625782637,3724.039178272938,162332,29319774233.70757,150.17199999999866,1466486784
residual_long_proxy_specialist_no_traffic-F1-20260911T035832315478-e70dec2a,residual_long_proxy_specialist_no_traffic,F1,e70dec2a30c7acef2fb75a16532935c3c53626ee999a3f2fbb379494019c870f,250000,372.8338112597985,372.8331788656707,1570.2225829657525,190713,26510070256.74994,325.8130000000019,1619939328
residual_long_proxy_specialist_no_traffic-F3-20260911T040404592074-e70dec2a,residual_long_proxy_specialist_no_traffic,F3,e70dec2a30c7acef2fb75a16532935c3c53626ee999a3f2fbb379494019c870f,250000,278.3552830788984,278.35387406024483,1631.069964641073,162332,12577753418.426409,262.0,1345634304
residual_long_proxy_specialist-C1-20260911T062153458353-6c34f3be,residual_long_proxy_specialist,C1,6c34f3bedf259006f319d324a9537c0ed45fb58b59d8ebf0eccc41c2638ac3b8,250000,266.4064716260171,266.4067579611327,1222.068449052976,165677,11758495660.797035,378.75,1855971328
