panel,direction,month,comparator,control_rmse_s,candidate_rmse_s,gain_s,rows,gate,source,source_sha256,audit,audit_sha256
matched_local_F1,Clock density weighting,2025-07,uniform component,352.182202457,352.412747518,-0.230545061,190713,F1_STOP,output/clock_campaign_20260923/scoring/complete_v2/result.json,51ece57f5e5334c9c451e9dcab226ee1a6b404bac595492b2813f2236f33dd18,output/clock_campaign_20260923/scoring/F1_RESULT.md,901665bd60f18970a48476b1a8912b1ee46af75e1a410e155c2b325ead6c05de
matched_local_F1,Clock density weighting,2025-12,uniform component,227.295249269,227.439555320,-0.144306051,165677,F1_STOP,output/clock_campaign_20260923/scoring/complete_v2/result.json,51ece57f5e5334c9c451e9dcab226ee1a6b404bac595492b2813f2236f33dd18,output/clock_campaign_20260923/scoring/F1_RESULT.md,901665bd60f18970a48476b1a8912b1ee46af75e1a410e155c2b325ead6c05de
matched_local_F1,Destination ninth peer,2025-07,temporal ninth peer,473.617605004,473.609336631,0.008268373,190713,F1_STOP,private_runs/lead235_20260923/destination_fit_v1/scoring_v1/F1_score/result.json,fe057ccb548c2e2f8359a7e32e5bcd1745aeddba83d345fb4fa2d61c441ac591,private_runs/lead235_20260923/destination_fit_v1/scoring_v1/F1_audit/verification.json,52ce50c172d4336286fa01100b2efbc21125fc15b7f72d9686a4b4079176346e
matched_local_F1,Destination ninth peer,2025-12,temporal ninth peer,294.070188899,294.051882053,0.018306846,165677,F1_STOP,private_runs/lead235_20260923/destination_fit_v1/scoring_v1/F1_score/result.json,fe057ccb548c2e2f8359a7e32e5bcd1745aeddba83d345fb4fa2d61c441ac591,private_runs/lead235_20260923/destination_fit_v1/scoring_v1/F1_audit/verification.json,52ce50c172d4336286fa01100b2efbc21125fc15b7f72d9686a4b4079176346e
matched_local_F1,Same-stand ARR context,2025-07,airport-wide ARR context,476.350766110,473.090614826,3.260151284,190713,F1_STOP,private_runs/lead235_20260923/stand_reuse_scoring_v1/F1/score_v1/result.json,23f1e024a384843fb29c05e170c85c0c11b9246e205de103aff1505360abf0d7,private_runs/lead235_20260923/stand_reuse_scoring_v1/F1/audit_v1/verification.json,7b4ced095db87925fee830357abdcd7edcacca75058ea5b4ba7e10f1d23c2d24
matched_local_F1,Same-stand ARR context,2025-12,airport-wide ARR context,294.819435442,293.710444546,1.108990896,165677,F1_STOP,private_runs/lead235_20260923/stand_reuse_scoring_v1/F1/score_v1/result.json,23f1e024a384843fb29c05e170c85c0c11b9246e205de103aff1505360abf0d7,private_runs/lead235_20260923/stand_reuse_scoring_v1/F1/audit_v1/verification.json,7b4ced095db87925fee830357abdcd7edcacca75058ea5b4ba7e10f1d23c2d24
matched_local_F1,Source-aware joint learning,2025-07,equal-capacity rich-only,339.892982699,338.444647707,1.448334992,190713,F1_STOP,private_runs/lead235_20260924/source_aware_scoring_v1/F1_score_v1/result.json,a47e051c5ab3f34d28ec2519f08ac4b2764b49d71d620e31606d62ccd393d73c,review_work/lead235_20260924/source_aware_score_audit_v1/receipt_F1_v1.json,2a873bf4053be5dd6761a53413caf2dfa080a7de6dd2a06e60208bbb33aae109
matched_local_F1,Source-aware joint learning,2025-12,equal-capacity rich-only,242.361976038,241.274913314,1.087062724,165677,F1_STOP,private_runs/lead235_20260924/source_aware_scoring_v1/F1_score_v1/result.json,a47e051c5ab3f34d28ec2519f08ac4b2764b49d71d620e31606d62ccd393d73c,review_work/lead235_20260924/source_aware_score_audit_v1/receipt_F1_v1.json,2a873bf4053be5dd6761a53413caf2dfa080a7de6dd2a06e60208bbb33aae109
matched_local_F1,Clock-gap peer rank,2025-07,NM-proxy peer rank,334.144628533,334.133336136,0.011292397,190713,F1_STOP,private_runs/lead235_20260924/peer_rank_scorer_v1/score_F1_v1/result.json,00202bea95bfbe7a48f06a9bdef9ba0dadc3743e6df69084fe887d1ea081c805,review_work/lead235_20260924/peer_rank_score_audit_v1/receipt_F1_v1.json,85f26900eeaa5e43f43b7ca3d9718e5dc451a0fa7e16b9e637d805eb4f0d2755
matched_local_F1,Clock-gap peer rank,2025-12,NM-proxy peer rank,234.785098136,234.725232771,0.059865365,165677,F1_STOP,private_runs/lead235_20260924/peer_rank_scorer_v1/score_F1_v1/result.json,00202bea95bfbe7a48f06a9bdef9ba0dadc3743e6df69084fe887d1ea081c805,review_work/lead235_20260924/peer_rank_score_audit_v1/receipt_F1_v1.json,85f26900eeaa5e43f43b7ca3d9718e5dc451a0fa7e16b9e637d805eb4f0d2755
matched_local_F1,ARR-shared stem,2025-07,equal-capacity detached stem,333.220689406,333.850220883,-0.629531477,190713,F1_STOP,private_runs/lead235_20260924/arr_aux_f1_score_v1/F1/result.json,97eabf7881d5fe31048f430ec56ba52e69061fa0c835332f0ee1146c3a328634,review_work/lead235_20260924/arr_aux_f1_postscore_review_v1/postscore_audit_receipt.json,c4143d79c729d3b8c97ee4cbf26b807d232691974f260346d1ec79e11affb652
matched_local_F1,ARR-shared stem,2025-12,equal-capacity detached stem,232.885557858,233.736240861,-0.850683002,165677,F1_STOP,private_runs/lead235_20260924/arr_aux_f1_score_v1/F1/result.json,97eabf7881d5fe31048f430ec56ba52e69061fa0c835332f0ee1146c3a328634,review_work/lead235_20260924/arr_aux_f1_postscore_review_v1/postscore_audit_receipt.json,c4143d79c729d3b8c97ee4cbf26b807d232691974f260346d1ec79e11affb652
matched_local_F1,Extra-time weather,2025-07,routine-only weather,333.513874950,333.725811563,-0.211936613,190713,F1_STOP,private_runs/lead235_20260924/weather_f1_score_v4/F1/result.json,89ac49c14b70d9586ee645dd83552b8d3a6e9fbbe3680cfd3b166174fb937228,review_work/lead235_20260924/weather_f1_postscore_audit_v1/postscore_audit_receipt.json,7393000d7e226f24a8b6f36d0fc24215b39c4dbf12634ce174929fda4e7bafc4
matched_local_F1,Extra-time weather,2025-12,routine-only weather,234.401701259,233.210114961,1.191586297,165677,F1_STOP,private_runs/lead235_20260924/weather_f1_score_v4/F1/result.json,89ac49c14b70d9586ee645dd83552b8d3a6e9fbbe3680cfd3b166174fb937228,review_work/lead235_20260924/weather_f1_postscore_audit_v1/postscore_audit_receipt.json,7393000d7e226f24a8b6f36d0fc24215b39c4dbf12634ce174929fda4e7bafc4
matched_local_F1,Route-duration centering,2025-07,byte-identical raw/clean,334.129586516,334.102752423,0.026834093,190713,F1_STOP,private_runs/lead235_20260925/route_duration_f1_score_v2/F1/result.json,ce4176f4d86010d4cfbc3e10c0723d38304ab701ab85592bd5c93fc9cbbfed30,review_work/lead235_20260925/route_duration_f1_postscore_audit_v1/POSTSCORE_AUDIT.json,942ea22b606d24b1a06bb0550d6c540bc6ea681209064795b5dab41bdcf07c07
matched_local_F1,Route-duration centering,2025-12,byte-identical raw/clean,234.743662751,234.701302031,0.042360720,165677,F1_STOP,private_runs/lead235_20260925/route_duration_f1_score_v2/F1/result.json,ce4176f4d86010d4cfbc3e10c0723d38304ab701ab85592bd5c93fc9cbbfed30,review_work/lead235_20260925/route_duration_f1_postscore_audit_v1/POSTSCORE_AUDIT.json,942ea22b606d24b1a06bb0550d6c540bc6ea681209064795b5dab41bdcf07c07
matched_local_F1,Scheduled inbound density,2025-07,same-peer landed density,334.136668382,334.142792702,-0.006124320,190713,F1_STOP,private_runs/lead235_20260925/scheduled_f1_score_v5/F1/result.json,b70208d48cc4e29e8e838affaabdfa876ba7b701d610490ea1d13b909eeb8e52,private_runs/lead235_20260925/scheduled_f1_score_v5/F1/POSTSCORE_AUDIT.json,33f1a78c6a261fa0cfd271a4f744213f2808b6707e87441ae8f06a751f01e764
matched_local_F1,Scheduled inbound density,2025-12,same-peer landed density,234.717975704,234.667814101,0.050161603,165677,F1_STOP,private_runs/lead235_20260925/scheduled_f1_score_v5/F1/result.json,b70208d48cc4e29e8e838affaabdfa876ba7b701d610490ea1d13b909eeb8e52,private_runs/lead235_20260925/scheduled_f1_score_v5/F1/POSTSCORE_AUDIT.json,33f1a78c6a261fa0cfd271a4f744213f2808b6707e87441ae8f06a751f01e764
matched_local_F1,Current-expert context gate,2025-07,May-fitted intercept gate,334.129586351,334.059731437,0.069854914,190713,F1_STOP,private_runs/lead235_20260925/current_gate_score_v1/F1/result.json,de5cb8142f5b0270b2101687d61b12609d95cbd3b942a30d6a9d999d8f47ac65,private_runs/lead235_20260925/current_gate_score_v1/F1/POSTSCORE_AUDIT.json,6431af709db34ad7b525306969571d58947711bade3ff08afe8ace8ff8b3f2bd
matched_local_F1,Current-expert context gate,2025-12,May-fitted intercept gate,234.743662095,235.098744884,-0.355082789,165677,F1_STOP,private_runs/lead235_20260925/current_gate_score_v1/F1/result.json,de5cb8142f5b0270b2101687d61b12609d95cbd3b942a30d6a9d999d8f47ac65,private_runs/lead235_20260925/current_gate_score_v1/F1/POSTSCORE_AUDIT.json,6431af709db34ad7b525306969571d58947711bade3ff08afe8ace8ff8b3f2bd
official_2026,V3,2026-01+07,,,278.0146,,344841,Succeeded,private_runs/tail240_20260916/final_submission_v3_v2/organizer_result.json,f72ed124b013230f45416ac9e26c737bd1af1948b5c172baddd9cbb734251bf3,,
official_2026,V4,2026-01+07,,,281.7265,,344841,Succeeded,output/season_strategy_20260923/blind_upload/organizer_result_v1.json,59dd72d3b961791e55d53a0441bc6e3c61dc35ff4306de93d1cdf49a570f2503,,
retrospective_ARR_2025,ARR innovation residual,2025-10,unchanged clean,222.200197530,222.445036783,-0.244839253,185674,DIAGNOSTIC_STOP,review_work/lead235_20260925/arr_residual_fit_v1/SCORE_REPORT.json,d3ad55d4803d26d7c6ab932580522665663869d0215c4780123c47ff916efb87,review_work/lead235_20260925/arr_residual_postscore_review_v1/POSTSCORE_RECEIPT.json,704100a02eb04d3b5d1b2021ebad000dfc09859515a423c6fd0adff5e86202a9
retrospective_ARR_2025,ARR innovation residual,2025-11,unchanged clean,225.323918380,226.173321499,-0.849403118,162332,DIAGNOSTIC_STOP,review_work/lead235_20260925/arr_residual_fit_v1/SCORE_REPORT.json,d3ad55d4803d26d7c6ab932580522665663869d0215c4780123c47ff916efb87,review_work/lead235_20260925/arr_residual_postscore_review_v1/POSTSCORE_RECEIPT.json,704100a02eb04d3b5d1b2021ebad000dfc09859515a423c6fd0adff5e86202a9
